r,q_hi,h,gap,bypass_cost,collision_cost,best_mode
0.65,0.65,0.1,0.00080861734229165094,0.00080861734229165094,0.00098125496331483131,BYPASS_XC
0.65,0.65,0.25,0.00031494693763300941,0.00031494693763300941,0.0024535291238860103,BYPASS_XC
0.65,0.65,0.4,5.0312724853229795e-05,5.0312724853229795e-05,0.0039267198831701199,BYPASS_XC
0.65,0.8,0.1,0.0036658915673775105,0.0036658915673775105,0.0040194716644120594,BYPASS_XC
0.65,0.8,0.25,0.0014287076886887462,0.0014287076886887462,0.010055922725320241,BYPASS_XC
0.65,0.8,0.4,0.00022831227090058803,0.00022831227090058803,0.016109386292962654,BYPASS_XC
0.65,0.95,0.1,0.0094441004198755341,0.010638798593718413,0.0094441004198755219,ACCEPT_COLLISION_CC
0.65,0.95,0.25,0.0041447149705244879,0.0041447149705244879,0.023658217711601908,BYPASS_XC
0.65,0.95,0.4,0.00066220914294135014,0.00066220914294135014,0.037986183400039834,BYPASS_XC
0.8,0.65,0.1,0.0017647942632001978,0.0017647942632001978,0.001962880443634915,BYPASS_XC
0.8,0.65,0.25,0.00065508805877323439,0.00065508805877323439,0.0049112404892672152,BYPASS_XC
0.8,0.65,0.4,0.00010208489566798651,0.00010208489566798651,0.0078662075706366231,BYPASS_XC
0.8,0.8,0.1,0.0080457963459029669,0.0085194109972950294,0.0080457963459030137,ACCEPT_COLLISION_CC
0.8,0.8,0.25,0.0031909537380213626,0.0031909537380213626,0.020189758991994176,BYPASS_XC
0.8,0.8,0.4,0.00049958687010498437,0.00049958687010498437,0.032458975865316132,BYPASS_XC
0.8,0.95,0.1,0.018933608625138709,0.029813938755167246,0.018933608625138626,ACCEPT_COLLISION_CC
0.8,0.95,0.25,0.011354733597428779,0.011354733597428779,0.047843572564957408,BYPASS_XC
0.8,0.95,0.4,0.0017933228071972396,0.0017933228071972396,0.077646764123267736,BYPASS_XC
0.95,0.65,0.1,0.00056486795286347924,0.00056486795286347924,0.0029496881325703022,BYPASS_XC
0.95,0.65,0.25,0.00015409070565219896,0.00015409070565219896,0.0073922375831979468,BYPASS_XC
0.95,0.65,0.4,2.1211423644085237e-05,2.1211423644085237e-05,0.011843119565019992,BYPASS_XC
0.95,0.8,0.1,0.0029642198695006838,0.0029642198695006838,0.012169456492073558,BYPASS_XC
0.95,0.8,0.25,0.00082997326578926334,0.00082997326578926334,0.030773005457930262,BYPASS_XC
0.95,0.8,0.4,0.00011529832129375528,0.00011529832129375528,0.049547152569981857,BYPASS_XC
0.95,0.95,0.1,0.01437665372058905,0.01437665372058905,0.029098308386305314,BYPASS_XC
0.95,0.95,0.25,0.0044639489720363912,0.0044639489720363912,0.075442956796711438,BYPASS_XC
0.95,0.95,0.4,0.00064648744186424079,0.00064648744186424079,0.12339999589818847,BYPASS_XC
