template,rho,q1_eff,IG_opt,IG_best_open_loop,AdaptiveGap,onpolicy_action_conflicts,onpolicy_state_conflicts,OrderNecessityGap,zero_conflict_certificate,best_open_loop
K2-T1,0.0,0.85/0.7/0.6,0.8805376833621452,0.8805376833621452,0.0,0,0,0.0,True,00000
K2-T1,0.1,0.825/0.72/0.6,0.8477910484177611,0.8477910484177611,0.0,0,0,0.0,True,00000
K2-T1,0.25,0.7875/0.75/0.6,0.811956617343115,0.7983675199863547,0.013589097356760282,0,0,0.0,True,00000
K2-T1,0.5,0.725/0.8/0.6,0.8425639580468129,0.7844221621301102,0.058141795916702765,0,0,0.0,True,01010
K2-T1,0.75,0.6625/0.85/0.6,0.8805376833621452,0.8092541197676832,0.07128356359446197,0,0,0.0,True,00110
K2-T2,0.0,0.85/0.7/0.6,0.8805376833621452,0.8805376833621452,0.0,0,0,0.0,True,00000
K2-T2,0.1,0.82/0.722/0.605,0.8409732820669338,0.8409732820669338,0.0,0,0,0.0,True,00000
K2-T2,0.25,0.775/0.755/0.6125,0.8122709849654897,0.7902781848476045,0.02199280011788518,0,0,0.0,True,00000
K2-T2,0.5,0.7/0.81/0.625,0.8501319554926646,0.78538105186447,0.06475090362819458,0,0,0.0,True,01010
K2-T2,0.75,0.625/0.865/0.6375,0.8918998414078213,0.8181897997730475,0.07371004163477379,0,0,0.0,True,00110
K2-T3,0.0,0.8/0.75/0.6,0.763819509728157,0.7638195097281569,1.1102230246251565e-16,0,0,0.0,True,00000
K2-T3,0.1,0.775/0.765/0.61,0.7293191110092414,0.7217828530408573,0.007536257968384086,0,0,0.0,True,00000
K2-T3,0.25,0.7375/0.7875/0.625,0.7505127880738836,0.7145470712772744,0.035965716796609204,0,0,0.0,True,01101
K2-T3,0.5,0.675/0.825/0.65,0.7908223014004259,0.7364685757674052,0.054353725633020655,0,0,0.0,True,01101
K2-T3,0.75,0.6125/0.8625/0.675,0.831903796932445,0.7708349870218233,0.06106880991062169,0,0,0.0,True,01011
